question,answer
Explain to me what the solar system is,"The solar system is the collection of planets, moons, and other celestial objects that orbit around the sun. "
What is the sun?,"The sun is a star at the center of the solar system. It is by far the largest object in the solar system, and it contains more than 99% of the total mass of the entire solar system. The sun's energy powers life on Earth and drives the weather and climate. Would you like more information about another object in the solar system?"
Name the planets in the solar system,"There are eight planets in the solar system, in order from the sun: Mercury, Venus, Earth, Mars, Jupiter, Saturn, Uranus, and Neptune. Each planet has its own unique characteristics and features. Would you like more information about a specific planet?"
I'd like to know about Mercury,"Mercury is the smallest planet in the solar system, and it is also the closest planet to the sun. It has a rocky surface and no atmosphere, which means that it experiences extreme temperature variations between its day and night sides. Would you like more information about another planet in the solar system?"
I'd like to know about Venus,"Venus is the second planet from the sun, and it is similar in size and composition to Earth. However, its thick atmosphere traps heat and causes a runaway greenhouse effect, making it the hottest planet in the solar system. Its surface is covered in volcanoes, mountains, and vast plains of hardened lava. Would you like more information about another planet in the solar system?"
I'd like to know about Earth,"Earth is the third planet from the sun, and it is the only known planet in the universe that is capable of supporting life. It has a complex atmosphere that sustains a rich variety of plant and animal life, and it is covered in oceans, continents, and polar ice caps. Would you like more information about another planet in the solar system?"
I'd like to know about Mars,"Mars is the fourth planet from the sun, and it is known as the ""Red Planet"" because of its rusty, reddish appearance. It has a thin atmosphere and a cold, rocky surface that is covered in dust and features such as mountains, valleys, and ancient riverbeds. Would you like more information about another planet in the solar system?"
I'd like to know about Jupiter,"Jupiter is the largest planet in the solar system, and it is known for its colorful bands of clouds and its Great Red Spot, a massive storm that has been raging for centuries. It is a gas giant with no solid surface, and it has a complex system of moons and rings. Would you like more information

"